domain;webdesigner
schluesseldienst-365-tage.de;Erduan
key-notservice.de;Erduan
schlüsseldienst-in.com;Erduan
24h-tueroeffnung.de;Erduan
berlin-schluesseldienst.net;Erduan
schluesseldienst-fuer-wien.at;Erduan
aufsperrdienst-regional.de;Erduan
schluesseldienst-24std.at;Erduan
aufsperrdienst-24.de;Erduan
aufsperrdienst-deutschland.de;Erduan
schluessel-notdienst-24h.de;Erduan
schluesseldienst-24h.ch;Erduan
dersicherheitsprofi.de;Erduan
der-preiswerte-schluesseldienst.de;Erduan
schluesseldienst-nuernberg-24std.de;Erduan
sanitaerhilfe.de;Erduan
rohrreinigung-service.at;Erduan
24h-heizung-sanitaer.de;Erduan
heizung-sanitaerservice.ch;Erduan
heizung-defekt.de;Erduan
schaedlingsbekaempfung-24.ch;Erduan
elektronotdienst-plus.de;Erduan
guenstiger-elektriker.de;Erduan
Abflussreinigung-24.de;Erduan
elektriker24-berlin.de;Erduan
rohrreinigungsexperten.at;Erduan
as-elektronotdienst.de;Erduan
schädlingbekämpfung-in.com;Erduan
schaedlingsbekaempfung-in.de;Erduan
sanitaerservice-24.de;Erduan
elektronotdienstservice.de;Rami
elektro-24std.de;Rami
elektroservice-24std.at;Rami
elektroanschlussexperten.de;Rami
as-elektro-notdienst.de;Rami
1a-elektroservice.at;Rami
24elektroservice.de;Rami
1a-elektroservice.de;Rami
elektro-singer.de;Rami
24elektroservice.at;Rami
elektriker-24h.de;Rami
elektriker-meier.de;Rami
elektroschilling.de;Rami
elektriker-notdienst-24h.de;Rami
elektriker-hilfe.com;Rami
elektriker-frankfurt.net;Rami
elektriker-muenchen.net;Rami
elektriker-berlin.net;Rami
24h-elektriker.de;Rami
sanitaernotdienst-24h.de;Rami
heizung-sanitaer-hilfe.ch;Rami
heizung-sanitaer-hilfe.net;Rami
heizung-und-sanitaer-24h.ch;Rami
sanitaer-nd.de;Rami
klempner24h.de;Rami
ihr-klempner.de;Rami
notdienst-sanitaer.de;Rami
guenstiger-aufsperrdienst.de;Rami
der-freundliche-schluesselservice.de;Rami
de-aufsperrdienst.com;Rami
schluesseldienst-notdienst.at;Rami
die-tuer-oeffner.de;Rami
preiswerte-aufsperrdienst.at;Rami
schluesseldienst-berlin-aufsperrdienst.de;Rami
handwerkerservice24h.de;Rami
glaserei-24.de;Rami
schaedlinge-weg.at;Rami
malermeister-1a.de;Rami
insektenbekaempfung24.de;Rami
insektenbekaempfung24h.de;Rami
elektronotdienst-tag-und-nacht.de;Rami
guenstige-elektriker.de;Rami
rohrbruch-reparatur.de;Rami
rohrreinigung-in.com;Rami
ROHRBRUCH-EXPERTEN.DE;Rami
schluesseldienst-tag-nacht.de;Rami
notdienst-deutschland.de;Rami
1a-heizungsservice.de;Rafea
1a-sanitaerservice.de;Rafea
klempner-notdienst.com;Rafea
elektro-service-24h.de;Rafea
sanitaerservice24.at;Rafea
rohrreinigungsexperten.de;Rafea
sanitaerservice.at;Rafea
sanitaer-service-huber.de;Rafea
sanitaer-service-fischer.de;Rafea
sanitaer-service-kessler.de;Rafea
sanitaer-notdienst-service.de;Rafea
express-klempner.de;Rafea
express-klempner.at;Rafea
guenstiger-sanitaerservice.de;Rafea
der-sanitaerservice.de;Rafea
sanitaer-service-24.de;Rafea
sanitaer-service-loeffler.de;Rafea
sanitaer-service-24h.de;Rafea
guenstiger-sanitaerservice.at;Rafea
sanitaer-notdienst.ch;Rafea
sanitaernotdienst-24h.ch;Rafea
rohrreinigungsexperten.ch;Rafea
aufsperrdienst-vorort.de;Rafea
as-schluessel-dienst.de;Rafea
schlüsselmeier.de;Rafea
shs-schaedlingsbekaempfung.de;Rafea
schaedlingsbekaempfung-24.at;Rafea
elektriker-in.com;Rafea
elektrogarantie-de.de;Rafea
haustechnik-seibel.de;Rafea
anti-schimmel.net;Rafea
wasserschaden-hilfe.net;Rafea
rohrbruchexperten.de;Rafea
der-schaedlingsbekaempfer.com;Rafea
bio-kammerjäger.com;Rafea
kammerjäger-in.com;Rafea
schluesseldienst-24-std.de;Rafea
schlüsseldienst-24.de;Rafea
schaedlinge-nicht-bei-mir.de;Paul
wespen-beseitigen.de;Paul
ungeziefer-bekaempfen.de;Paul
kammerjaeger-huber.de;Paul
bio-kammerjaeger.de;Paul
bio-kammerjaeger.at;Paul
kammerjaeger-in.de;Paul
bio-kammerjaeger.ch;Paul
schaedlinge-weg.ch;Paul
notdienst-heizung-sanitaer.de;Paul
zsg-fuechse.de;Paul
deutscher-elektrotechnikerverband.de;Paul
elektriker-helfer.at;Paul
sanierung-wagner.de;Mané
